data/train_data/0/0_0.jpg,0
data/train_data/0/0_1.jpg,0
data/train_data/0/0_2.jpg,0
data/train_data/0/0_3.jpg,0
data/train_data/0/0_4.jpg,0
data/train_data/0/0_5.jpg,0
data/train_data/0/0_6.jpg,0
data/train_data/0/0_7.jpg,0
data/train_data/0/0_8.jpg,0
data/train_data/0/0_9.jpg,0
data/train_data/0/0_10.jpg,0
data/train_data/0/0_11.jpg,0
data/train_data/0/0_12.jpg,0
data/train_data/0/0_13.jpg,0
data/train_data/0/0_14.jpg,0
data/train_data/0/0_15.jpg,0
data/train_data/0/0_16.jpg,0
data/train_data/0/0_17.jpg,0
data/train_data/0/0_18.jpg,0
data/train_data/0/0_19.jpg,0
data/train_data/0/0_20.jpg,0
data/train_data/0/0_21.jpg,0
data/train_data/0/0_22.jpg,0
data/train_data/0/0_23.jpg,0
data/train_data/0/0_24.jpg,0
data/train_data/0/0_25.jpg,0
data/train_data/0/0_26.jpg,0
data/train_data/0/0_27.jpg,0
data/train_data/0/0_28.jpg,0
data/train_data/0/0_29.jpg,0
data/train_data/0/0_30.jpg,0
data/train_data/0/0_31.jpg,0
data/train_data/0/0_32.jpg,0
data/train_data/0/0_33.jpg,0
data/train_data/0/0_34.jpg,0
data/train_data/0/0_35.jpg,0
data/train_data/0/0_36.jpg,0
data/train_data/0/0_37.jpg,0
data/train_data/0/0_38.jpg,0
data/train_data/0/0_39.jpg,0
data/train_data/0/0_40.jpg,0
data/train_data/0/0_41.jpg,0
data/train_data/0/0_42.jpg,0
data/train_data/0/0_43.jpg,0
data/train_data/0/0_44.jpg,0
data/train_data/0/0_45.jpg,0
data/train_data/0/0_46.jpg,0
data/train_data/0/0_47.jpg,0
data/train_data/0/0_48.jpg,0
data/train_data/0/0_49.jpg,0
data/train_data/1/1_0.jpg,1
data/train_data/1/1_1.jpg,1
data/train_data/1/1_2.jpg,1
data/train_data/1/1_3.jpg,1
data/train_data/1/1_4.jpg,1
data/train_data/1/1_5.jpg,1
data/train_data/1/1_6.jpg,1
data/train_data/1/1_7.jpg,1
data/train_data/1/1_8.jpg,1
data/train_data/1/1_9.jpg,1
data/train_data/1/1_10.jpg,1
data/train_data/1/1_11.jpg,1
data/train_data/1/1_12.jpg,1
data/train_data/1/1_13.jpg,1
data/train_data/1/1_14.jpg,1
data/train_data/1/1_15.jpg,1
data/train_data/1/1_16.jpg,1
data/train_data/1/1_17.jpg,1
data/train_data/1/1_18.jpg,1
data/train_data/1/1_19.jpg,1
data/train_data/1/1_20.jpg,1
data/train_data/1/1_21.jpg,1
data/train_data/1/1_22.jpg,1
data/train_data/1/1_23.jpg,1
data/train_data/1/1_24.jpg,1
data/train_data/1/1_25.jpg,1
data/train_data/1/1_26.jpg,1
data/train_data/1/1_27.jpg,1
data/train_data/1/1_28.jpg,1
data/train_data/1/1_29.jpg,1
data/train_data/1/1_30.jpg,1
data/train_data/1/1_31.jpg,1
data/train_data/1/1_32.jpg,1
data/train_data/1/1_33.jpg,1
data/train_data/1/1_34.jpg,1
data/train_data/1/1_35.jpg,1
data/train_data/1/1_36.jpg,1
data/train_data/1/1_37.jpg,1
data/train_data/1/1_38.jpg,1
data/train_data/1/1_39.jpg,1
data/train_data/1/1_40.jpg,1
data/train_data/1/1_41.jpg,1
data/train_data/1/1_42.jpg,1
data/train_data/1/1_43.jpg,1
data/train_data/1/1_44.jpg,1
data/train_data/1/1_45.jpg,1
data/train_data/1/1_46.jpg,1
data/train_data/1/1_47.jpg,1
data/train_data/1/1_48.jpg,1
data/train_data/1/1_49.jpg,1
data/train_data/2/2_0.jpg,2
data/train_data/2/2_1.jpg,2
data/train_data/2/2_2.jpg,2
data/train_data/2/2_3.jpg,2
data/train_data/2/2_4.jpg,2
data/train_data/2/2_5.jpg,2
data/train_data/2/2_6.jpg,2
data/train_data/2/2_7.jpg,2
data/train_data/2/2_8.jpg,2
data/train_data/2/2_9.jpg,2
data/train_data/2/2_10.jpg,2
data/train_data/2/2_11.jpg,2
data/train_data/2/2_12.jpg,2
data/train_data/2/2_13.jpg,2
data/train_data/2/2_14.jpg,2
data/train_data/2/2_15.jpg,2
data/train_data/2/2_16.jpg,2
data/train_data/2/2_17.jpg,2
data/train_data/2/2_18.jpg,2
data/train_data/2/2_19.jpg,2
data/train_data/2/2_20.jpg,2
data/train_data/2/2_21.jpg,2
data/train_data/2/2_22.jpg,2
data/train_data/2/2_23.jpg,2
data/train_data/2/2_24.jpg,2
data/train_data/2/2_25.jpg,2
data/train_data/2/2_26.jpg,2
data/train_data/2/2_27.jpg,2
data/train_data/2/2_28.jpg,2
data/train_data/2/2_29.jpg,2
data/train_data/2/2_30.jpg,2
data/train_data/2/2_31.jpg,2
data/train_data/2/2_32.jpg,2
data/train_data/2/2_33.jpg,2
data/train_data/2/2_34.jpg,2
data/train_data/2/2_35.jpg,2
data/train_data/2/2_36.jpg,2
data/train_data/2/2_37.jpg,2
data/train_data/2/2_38.jpg,2
data/train_data/2/2_39.jpg,2
data/train_data/2/2_40.jpg,2
data/train_data/2/2_41.jpg,2
data/train_data/2/2_42.jpg,2
data/train_data/2/2_43.jpg,2
data/train_data/2/2_44.jpg,2
data/train_data/2/2_45.jpg,2
data/train_data/2/2_46.jpg,2
data/train_data/2/2_47.jpg,2
data/train_data/2/2_48.jpg,2
data/train_data/2/2_49.jpg,2
data/train_data/3/3_0.jpg,3
data/train_data/3/3_1.jpg,3
data/train_data/3/3_2.jpg,3
data/train_data/3/3_3.jpg,3
data/train_data/3/3_4.jpg,3
data/train_data/3/3_5.jpg,3
data/train_data/3/3_6.jpg,3
data/train_data/3/3_7.jpg,3
data/train_data/3/3_8.jpg,3
data/train_data/3/3_9.jpg,3
data/train_data/3/3_10.jpg,3
data/train_data/3/3_11.jpg,3
data/train_data/3/3_12.jpg,3
data/train_data/3/3_13.jpg,3
data/train_data/3/3_14.jpg,3
data/train_data/3/3_15.jpg,3
data/train_data/3/3_16.jpg,3
data/train_data/3/3_17.jpg,3
data/train_data/3/3_18.jpg,3
data/train_data/3/3_19.jpg,3
data/train_data/3/3_20.jpg,3
data/train_data/3/3_21.jpg,3
data/train_data/3/3_22.jpg,3
data/train_data/3/3_23.jpg,3
data/train_data/3/3_24.jpg,3
data/train_data/3/3_25.jpg,3
data/train_data/3/3_26.jpg,3
data/train_data/3/3_27.jpg,3
data/train_data/3/3_28.jpg,3
data/train_data/3/3_29.jpg,3
data/train_data/3/3_30.jpg,3
data/train_data/3/3_31.jpg,3
data/train_data/3/3_32.jpg,3
data/train_data/3/3_33.jpg,3
data/train_data/3/3_34.jpg,3
data/train_data/3/3_35.jpg,3
data/train_data/3/3_36.jpg,3
data/train_data/3/3_37.jpg,3
data/train_data/3/3_38.jpg,3
data/train_data/3/3_39.jpg,3
data/train_data/3/3_40.jpg,3
data/train_data/3/3_41.jpg,3
data/train_data/3/3_42.jpg,3
data/train_data/3/3_43.jpg,3
data/train_data/3/3_44.jpg,3
data/train_data/3/3_45.jpg,3
data/train_data/3/3_46.jpg,3
data/train_data/3/3_47.jpg,3
data/train_data/3/3_48.jpg,3
data/train_data/3/3_49.jpg,3
data/train_data/4/4_0.jpg,4
data/train_data/4/4_1.jpg,4
data/train_data/4/4_2.jpg,4
data/train_data/4/4_3.jpg,4
data/train_data/4/4_4.jpg,4
data/train_data/4/4_5.jpg,4
data/train_data/4/4_6.jpg,4
data/train_data/4/4_7.jpg,4
data/train_data/4/4_8.jpg,4
data/train_data/4/4_9.jpg,4
data/train_data/4/4_10.jpg,4
data/train_data/4/4_11.jpg,4
data/train_data/4/4_12.jpg,4
data/train_data/4/4_13.jpg,4
data/train_data/4/4_14.jpg,4
data/train_data/4/4_15.jpg,4
data/train_data/4/4_16.jpg,4
data/train_data/4/4_17.jpg,4
data/train_data/4/4_18.jpg,4
data/train_data/4/4_19.jpg,4
data/train_data/4/4_20.jpg,4
data/train_data/4/4_21.jpg,4
data/train_data/4/4_22.jpg,4
data/train_data/4/4_23.jpg,4
data/train_data/4/4_24.jpg,4
data/train_data/4/4_25.jpg,4
data/train_data/4/4_26.jpg,4
data/train_data/4/4_27.jpg,4
data/train_data/4/4_28.jpg,4
data/train_data/4/4_29.jpg,4
data/train_data/4/4_30.jpg,4
data/train_data/4/4_31.jpg,4
data/train_data/4/4_32.jpg,4
data/train_data/4/4_33.jpg,4
data/train_data/4/4_34.jpg,4
data/train_data/4/4_35.jpg,4
data/train_data/4/4_36.jpg,4
data/train_data/4/4_37.jpg,4
data/train_data/4/4_38.jpg,4
data/train_data/4/4_39.jpg,4
data/train_data/4/4_40.jpg,4
data/train_data/4/4_41.jpg,4
data/train_data/4/4_42.jpg,4
data/train_data/4/4_43.jpg,4
data/train_data/4/4_44.jpg,4
data/train_data/4/4_45.jpg,4
data/train_data/4/4_46.jpg,4
data/train_data/4/4_47.jpg,4
data/train_data/4/4_48.jpg,4
data/train_data/4/4_49.jpg,4
data/train_data/5/5_0.jpg,5
data/train_data/5/5_1.jpg,5
data/train_data/5/5_2.jpg,5
data/train_data/5/5_3.jpg,5
data/train_data/5/5_4.jpg,5
data/train_data/5/5_5.jpg,5
data/train_data/5/5_6.jpg,5
data/train_data/5/5_7.jpg,5
data/train_data/5/5_8.jpg,5
data/train_data/5/5_9.jpg,5
data/train_data/5/5_10.jpg,5
data/train_data/5/5_11.jpg,5
data/train_data/5/5_12.jpg,5
data/train_data/5/5_13.jpg,5
data/train_data/5/5_14.jpg,5
data/train_data/5/5_15.jpg,5
data/train_data/5/5_16.jpg,5
data/train_data/5/5_17.jpg,5
data/train_data/5/5_18.jpg,5
data/train_data/5/5_19.jpg,5
data/train_data/5/5_20.jpg,5
data/train_data/5/5_21.jpg,5
data/train_data/5/5_22.jpg,5
data/train_data/5/5_23.jpg,5
data/train_data/5/5_24.jpg,5
data/train_data/5/5_25.jpg,5
data/train_data/5/5_26.jpg,5
data/train_data/5/5_27.jpg,5
data/train_data/5/5_28.jpg,5
data/train_data/5/5_29.jpg,5
data/train_data/5/5_30.jpg,5
data/train_data/5/5_31.jpg,5
data/train_data/5/5_32.jpg,5
data/train_data/5/5_33.jpg,5
data/train_data/5/5_34.jpg,5
data/train_data/5/5_35.jpg,5
data/train_data/5/5_36.jpg,5
data/train_data/5/5_37.jpg,5
data/train_data/5/5_38.jpg,5
data/train_data/5/5_39.jpg,5
data/train_data/5/5_40.jpg,5
data/train_data/5/5_41.jpg,5
data/train_data/5/5_42.jpg,5
data/train_data/5/5_43.jpg,5
data/train_data/5/5_44.jpg,5
data/train_data/5/5_45.jpg,5
data/train_data/5/5_46.jpg,5
data/train_data/5/5_47.jpg,5
data/train_data/5/5_48.jpg,5
data/train_data/5/5_49.jpg,5
data/train_data/6/6_0.jpg,6
data/train_data/6/6_1.jpg,6
data/train_data/6/6_2.jpg,6
data/train_data/6/6_3.jpg,6
data/train_data/6/6_4.jpg,6
data/train_data/6/6_5.jpg,6
data/train_data/6/6_6.jpg,6
data/train_data/6/6_7.jpg,6
data/train_data/6/6_8.jpg,6
data/train_data/6/6_9.jpg,6
data/train_data/6/6_10.jpg,6
data/train_data/6/6_11.jpg,6
data/train_data/6/6_12.jpg,6
data/train_data/6/6_13.jpg,6
data/train_data/6/6_14.jpg,6
data/train_data/6/6_15.jpg,6
data/train_data/6/6_16.jpg,6
data/train_data/6/6_17.jpg,6
data/train_data/6/6_18.jpg,6
data/train_data/6/6_19.jpg,6
data/train_data/6/6_20.jpg,6
data/train_data/6/6_21.jpg,6
data/train_data/6/6_22.jpg,6
data/train_data/6/6_23.jpg,6
data/train_data/6/6_24.jpg,6
data/train_data/6/6_25.jpg,6
data/train_data/6/6_26.jpg,6
data/train_data/6/6_27.jpg,6
data/train_data/6/6_28.jpg,6
data/train_data/6/6_29.jpg,6
data/train_data/6/6_30.jpg,6
data/train_data/6/6_31.jpg,6
data/train_data/6/6_32.jpg,6
data/train_data/6/6_33.jpg,6
data/train_data/6/6_34.jpg,6
data/train_data/6/6_35.jpg,6
data/train_data/6/6_36.jpg,6
data/train_data/6/6_37.jpg,6
data/train_data/6/6_38.jpg,6
data/train_data/6/6_39.jpg,6
data/train_data/6/6_40.jpg,6
data/train_data/6/6_41.jpg,6
data/train_data/6/6_42.jpg,6
data/train_data/6/6_43.jpg,6
data/train_data/6/6_44.jpg,6
data/train_data/6/6_45.jpg,6
data/train_data/6/6_46.jpg,6
data/train_data/6/6_47.jpg,6
data/train_data/6/6_48.jpg,6
data/train_data/6/6_49.jpg,6
data/train_data/7/7_0.jpg,7
data/train_data/7/7_1.jpg,7
data/train_data/7/7_2.jpg,7
data/train_data/7/7_3.jpg,7
data/train_data/7/7_4.jpg,7
data/train_data/7/7_5.jpg,7
data/train_data/7/7_6.jpg,7
data/train_data/7/7_7.jpg,7
data/train_data/7/7_8.jpg,7
data/train_data/7/7_9.jpg,7
data/train_data/7/7_10.jpg,7
data/train_data/7/7_11.jpg,7
data/train_data/7/7_12.jpg,7
data/train_data/7/7_13.jpg,7
data/train_data/7/7_14.jpg,7
data/train_data/7/7_15.jpg,7
data/train_data/7/7_16.jpg,7
data/train_data/7/7_17.jpg,7
data/train_data/7/7_18.jpg,7
data/train_data/7/7_19.jpg,7
data/train_data/7/7_20.jpg,7
data/train_data/7/7_21.jpg,7
data/train_data/7/7_22.jpg,7
data/train_data/7/7_23.jpg,7
data/train_data/7/7_24.jpg,7
data/train_data/7/7_25.jpg,7
data/train_data/7/7_26.jpg,7
data/train_data/7/7_27.jpg,7
data/train_data/7/7_28.jpg,7
data/train_data/7/7_29.jpg,7
data/train_data/7/7_30.jpg,7
data/train_data/7/7_31.jpg,7
data/train_data/7/7_32.jpg,7
data/train_data/7/7_33.jpg,7
data/train_data/7/7_34.jpg,7
data/train_data/7/7_35.jpg,7
data/train_data/7/7_36.jpg,7
data/train_data/7/7_37.jpg,7
data/train_data/7/7_38.jpg,7
data/train_data/7/7_39.jpg,7
data/train_data/7/7_40.jpg,7
data/train_data/7/7_41.jpg,7
data/train_data/7/7_42.jpg,7
data/train_data/7/7_43.jpg,7
data/train_data/7/7_44.jpg,7
data/train_data/7/7_45.jpg,7
data/train_data/7/7_46.jpg,7
data/train_data/7/7_47.jpg,7
data/train_data/7/7_48.jpg,7
data/train_data/7/7_49.jpg,7
data/train_data/8/8_0.jpg,8
data/train_data/8/8_1.jpg,8
data/train_data/8/8_2.jpg,8
data/train_data/8/8_3.jpg,8
data/train_data/8/8_4.jpg,8
data/train_data/8/8_5.jpg,8
data/train_data/8/8_6.jpg,8
data/train_data/8/8_7.jpg,8
data/train_data/8/8_8.jpg,8
data/train_data/8/8_9.jpg,8
data/train_data/8/8_10.jpg,8
data/train_data/8/8_11.jpg,8
data/train_data/8/8_12.jpg,8
data/train_data/8/8_13.jpg,8
data/train_data/8/8_14.jpg,8
data/train_data/8/8_15.jpg,8
data/train_data/8/8_16.jpg,8
data/train_data/8/8_17.jpg,8
data/train_data/8/8_18.jpg,8
data/train_data/8/8_19.jpg,8
data/train_data/8/8_20.jpg,8
data/train_data/8/8_21.jpg,8
data/train_data/8/8_22.jpg,8
data/train_data/8/8_23.jpg,8
data/train_data/8/8_24.jpg,8
data/train_data/8/8_25.jpg,8
data/train_data/8/8_26.jpg,8
data/train_data/8/8_27.jpg,8
data/train_data/8/8_28.jpg,8
data/train_data/8/8_29.jpg,8
data/train_data/8/8_30.jpg,8
data/train_data/8/8_31.jpg,8
data/train_data/8/8_32.jpg,8
data/train_data/8/8_33.jpg,8
data/train_data/8/8_34.jpg,8
data/train_data/8/8_35.jpg,8
data/train_data/8/8_36.jpg,8
data/train_data/8/8_37.jpg,8
data/train_data/8/8_38.jpg,8
data/train_data/8/8_39.jpg,8
data/train_data/8/8_40.jpg,8
data/train_data/8/8_41.jpg,8
data/train_data/8/8_42.jpg,8
data/train_data/8/8_43.jpg,8
data/train_data/8/8_44.jpg,8
data/train_data/8/8_45.jpg,8
data/train_data/8/8_46.jpg,8
data/train_data/8/8_47.jpg,8
data/train_data/8/8_48.jpg,8
data/train_data/8/8_49.jpg,8
data/train_data/9/9_0.jpg,9
data/train_data/9/9_1.jpg,9
data/train_data/9/9_2.jpg,9
data/train_data/9/9_3.jpg,9
data/train_data/9/9_4.jpg,9
data/train_data/9/9_5.jpg,9
data/train_data/9/9_6.jpg,9
data/train_data/9/9_7.jpg,9
data/train_data/9/9_8.jpg,9
data/train_data/9/9_9.jpg,9
data/train_data/9/9_10.jpg,9
data/train_data/9/9_11.jpg,9
data/train_data/9/9_12.jpg,9
data/train_data/9/9_13.jpg,9
data/train_data/9/9_14.jpg,9
data/train_data/9/9_15.jpg,9
data/train_data/9/9_16.jpg,9
data/train_data/9/9_17.jpg,9
data/train_data/9/9_18.jpg,9
data/train_data/9/9_19.jpg,9
data/train_data/9/9_20.jpg,9
data/train_data/9/9_21.jpg,9
data/train_data/9/9_22.jpg,9
data/train_data/9/9_23.jpg,9
data/train_data/9/9_24.jpg,9
data/train_data/9/9_25.jpg,9
data/train_data/9/9_26.jpg,9
data/train_data/9/9_27.jpg,9
data/train_data/9/9_28.jpg,9
data/train_data/9/9_29.jpg,9
data/train_data/9/9_30.jpg,9
data/train_data/9/9_31.jpg,9
data/train_data/9/9_32.jpg,9
data/train_data/9/9_33.jpg,9
data/train_data/9/9_34.jpg,9
data/train_data/9/9_35.jpg,9
data/train_data/9/9_36.jpg,9
data/train_data/9/9_37.jpg,9
data/train_data/9/9_38.jpg,9
data/train_data/9/9_39.jpg,9
data/train_data/9/9_40.jpg,9
data/train_data/9/9_41.jpg,9
data/train_data/9/9_42.jpg,9
data/train_data/9/9_43.jpg,9
data/train_data/9/9_44.jpg,9
data/train_data/9/9_45.jpg,9
data/train_data/9/9_46.jpg,9
data/train_data/9/9_47.jpg,9
data/train_data/9/9_48.jpg,9
data/train_data/9/9_49.jpg,9
data/train_data/A/A_0.jpg,A
data/train_data/A/A_1.jpg,A
data/train_data/A/A_2.jpg,A
data/train_data/A/A_3.jpg,A
data/train_data/A/A_4.jpg,A
data/train_data/A/A_5.jpg,A
data/train_data/A/A_6.jpg,A
data/train_data/A/A_7.jpg,A
data/train_data/A/A_8.jpg,A
data/train_data/A/A_9.jpg,A
data/train_data/A/A_10.jpg,A
data/train_data/A/A_11.jpg,A
data/train_data/A/A_12.jpg,A
data/train_data/A/A_13.jpg,A
data/train_data/A/A_14.jpg,A
data/train_data/A/A_15.jpg,A
data/train_data/A/A_16.jpg,A
data/train_data/A/A_17.jpg,A
data/train_data/A/A_18.jpg,A
data/train_data/A/A_19.jpg,A
data/train_data/A/A_20.jpg,A
data/train_data/A/A_21.jpg,A
data/train_data/A/A_22.jpg,A
data/train_data/A/A_23.jpg,A
data/train_data/A/A_24.jpg,A
data/train_data/A/A_25.jpg,A
data/train_data/A/A_26.jpg,A
data/train_data/A/A_27.jpg,A
data/train_data/A/A_28.jpg,A
data/train_data/A/A_29.jpg,A
data/train_data/A/A_30.jpg,A
data/train_data/A/A_31.jpg,A
data/train_data/A/A_32.jpg,A
data/train_data/A/A_33.jpg,A
data/train_data/A/A_34.jpg,A
data/train_data/A/A_35.jpg,A
data/train_data/A/A_36.jpg,A
data/train_data/A/A_37.jpg,A
data/train_data/A/A_38.jpg,A
data/train_data/A/A_39.jpg,A
data/train_data/A/A_40.jpg,A
data/train_data/A/A_41.jpg,A
data/train_data/A/A_42.jpg,A
data/train_data/A/A_43.jpg,A
data/train_data/A/A_44.jpg,A
data/train_data/A/A_45.jpg,A
data/train_data/A/A_46.jpg,A
data/train_data/A/A_47.jpg,A
data/train_data/A/A_48.jpg,A
data/train_data/A/A_49.jpg,A
data/train_data/B/B_0.jpg,B
data/train_data/B/B_1.jpg,B
data/train_data/B/B_2.jpg,B
data/train_data/B/B_3.jpg,B
data/train_data/B/B_4.jpg,B
data/train_data/B/B_5.jpg,B
data/train_data/B/B_6.jpg,B
data/train_data/B/B_7.jpg,B
data/train_data/B/B_8.jpg,B
data/train_data/B/B_9.jpg,B
data/train_data/B/B_10.jpg,B
data/train_data/B/B_11.jpg,B
data/train_data/B/B_12.jpg,B
data/train_data/B/B_13.jpg,B
data/train_data/B/B_14.jpg,B
data/train_data/B/B_15.jpg,B
data/train_data/B/B_16.jpg,B
data/train_data/B/B_17.jpg,B
data/train_data/B/B_18.jpg,B
data/train_data/B/B_19.jpg,B
data/train_data/B/B_20.jpg,B
data/train_data/B/B_21.jpg,B
data/train_data/B/B_22.jpg,B
data/train_data/B/B_23.jpg,B
data/train_data/B/B_24.jpg,B
data/train_data/B/B_25.jpg,B
data/train_data/B/B_26.jpg,B
data/train_data/B/B_27.jpg,B
data/train_data/B/B_28.jpg,B
data/train_data/B/B_29.jpg,B
data/train_data/B/B_30.jpg,B
data/train_data/B/B_31.jpg,B
data/train_data/B/B_32.jpg,B
data/train_data/B/B_33.jpg,B
data/train_data/B/B_34.jpg,B
data/train_data/B/B_35.jpg,B
data/train_data/B/B_36.jpg,B
data/train_data/B/B_37.jpg,B
data/train_data/B/B_38.jpg,B
data/train_data/B/B_39.jpg,B
data/train_data/B/B_40.jpg,B
data/train_data/B/B_41.jpg,B
data/train_data/B/B_42.jpg,B
data/train_data/B/B_43.jpg,B
data/train_data/B/B_44.jpg,B
data/train_data/B/B_45.jpg,B
data/train_data/B/B_46.jpg,B
data/train_data/B/B_47.jpg,B
data/train_data/B/B_48.jpg,B
data/train_data/B/B_49.jpg,B
data/train_data/C/C_0.jpg,C
data/train_data/C/C_1.jpg,C
data/train_data/C/C_2.jpg,C
data/train_data/C/C_3.jpg,C
data/train_data/C/C_4.jpg,C
data/train_data/C/C_5.jpg,C
data/train_data/C/C_6.jpg,C
data/train_data/C/C_7.jpg,C
data/train_data/C/C_8.jpg,C
data/train_data/C/C_9.jpg,C
data/train_data/C/C_10.jpg,C
data/train_data/C/C_11.jpg,C
data/train_data/C/C_12.jpg,C
data/train_data/C/C_13.jpg,C
data/train_data/C/C_14.jpg,C
data/train_data/C/C_15.jpg,C
data/train_data/C/C_16.jpg,C
data/train_data/C/C_17.jpg,C
data/train_data/C/C_18.jpg,C
data/train_data/C/C_19.jpg,C
data/train_data/C/C_20.jpg,C
data/train_data/C/C_21.jpg,C
data/train_data/C/C_22.jpg,C
data/train_data/C/C_23.jpg,C
data/train_data/C/C_24.jpg,C
data/train_data/C/C_25.jpg,C
data/train_data/C/C_26.jpg,C
data/train_data/C/C_27.jpg,C
data/train_data/C/C_28.jpg,C
data/train_data/C/C_29.jpg,C
data/train_data/C/C_30.jpg,C
data/train_data/C/C_31.jpg,C
data/train_data/C/C_32.jpg,C
data/train_data/C/C_33.jpg,C
data/train_data/C/C_34.jpg,C
data/train_data/C/C_35.jpg,C
data/train_data/C/C_36.jpg,C
data/train_data/C/C_37.jpg,C
data/train_data/C/C_38.jpg,C
data/train_data/C/C_39.jpg,C
data/train_data/C/C_40.jpg,C
data/train_data/C/C_41.jpg,C
data/train_data/C/C_42.jpg,C
data/train_data/C/C_43.jpg,C
data/train_data/C/C_44.jpg,C
data/train_data/C/C_45.jpg,C
data/train_data/C/C_46.jpg,C
data/train_data/C/C_47.jpg,C
data/train_data/C/C_48.jpg,C
data/train_data/C/C_49.jpg,C
data/train_data/D/D_0.jpg,D
data/train_data/D/D_1.jpg,D
data/train_data/D/D_2.jpg,D
data/train_data/D/D_3.jpg,D
data/train_data/D/D_4.jpg,D
data/train_data/D/D_5.jpg,D
data/train_data/D/D_6.jpg,D
data/train_data/D/D_7.jpg,D
data/train_data/D/D_8.jpg,D
data/train_data/D/D_9.jpg,D
data/train_data/D/D_10.jpg,D
data/train_data/D/D_11.jpg,D
data/train_data/D/D_12.jpg,D
data/train_data/D/D_13.jpg,D
data/train_data/D/D_14.jpg,D
data/train_data/D/D_15.jpg,D
data/train_data/D/D_16.jpg,D
data/train_data/D/D_17.jpg,D
data/train_data/D/D_18.jpg,D
data/train_data/D/D_19.jpg,D
data/train_data/D/D_20.jpg,D
data/train_data/D/D_21.jpg,D
data/train_data/D/D_22.jpg,D
data/train_data/D/D_23.jpg,D
data/train_data/D/D_24.jpg,D
data/train_data/D/D_25.jpg,D
data/train_data/D/D_26.jpg,D
data/train_data/D/D_27.jpg,D
data/train_data/D/D_28.jpg,D
data/train_data/D/D_29.jpg,D
data/train_data/D/D_30.jpg,D
data/train_data/D/D_31.jpg,D
data/train_data/D/D_32.jpg,D
data/train_data/D/D_33.jpg,D
data/train_data/D/D_34.jpg,D
data/train_data/D/D_35.jpg,D
data/train_data/D/D_36.jpg,D
data/train_data/D/D_37.jpg,D
data/train_data/D/D_38.jpg,D
data/train_data/D/D_39.jpg,D
data/train_data/D/D_40.jpg,D
data/train_data/D/D_41.jpg,D
data/train_data/D/D_42.jpg,D
data/train_data/D/D_43.jpg,D
data/train_data/D/D_44.jpg,D
data/train_data/D/D_45.jpg,D
data/train_data/D/D_46.jpg,D
data/train_data/D/D_47.jpg,D
data/train_data/D/D_48.jpg,D
data/train_data/D/D_49.jpg,D
data/train_data/E/E_0.jpg,E
data/train_data/E/E_1.jpg,E
data/train_data/E/E_2.jpg,E
data/train_data/E/E_3.jpg,E
data/train_data/E/E_4.jpg,E
data/train_data/E/E_5.jpg,E
data/train_data/E/E_6.jpg,E
data/train_data/E/E_7.jpg,E
data/train_data/E/E_8.jpg,E
data/train_data/E/E_9.jpg,E
data/train_data/E/E_10.jpg,E
data/train_data/E/E_11.jpg,E
data/train_data/E/E_12.jpg,E
data/train_data/E/E_13.jpg,E
data/train_data/E/E_14.jpg,E
data/train_data/E/E_15.jpg,E
data/train_data/E/E_16.jpg,E
data/train_data/E/E_17.jpg,E
data/train_data/E/E_18.jpg,E
data/train_data/E/E_19.jpg,E
data/train_data/E/E_20.jpg,E
data/train_data/E/E_21.jpg,E
data/train_data/E/E_22.jpg,E
data/train_data/E/E_23.jpg,E
data/train_data/E/E_24.jpg,E
data/train_data/E/E_25.jpg,E
data/train_data/E/E_26.jpg,E
data/train_data/E/E_27.jpg,E
data/train_data/E/E_28.jpg,E
data/train_data/E/E_29.jpg,E
data/train_data/E/E_30.jpg,E
data/train_data/E/E_31.jpg,E
data/train_data/E/E_32.jpg,E
data/train_data/E/E_33.jpg,E
data/train_data/E/E_34.jpg,E
data/train_data/E/E_35.jpg,E
data/train_data/E/E_36.jpg,E
data/train_data/E/E_37.jpg,E
data/train_data/E/E_38.jpg,E
data/train_data/E/E_39.jpg,E
data/train_data/E/E_40.jpg,E
data/train_data/E/E_41.jpg,E
data/train_data/E/E_42.jpg,E
data/train_data/E/E_43.jpg,E
data/train_data/E/E_44.jpg,E
data/train_data/E/E_45.jpg,E
data/train_data/E/E_46.jpg,E
data/train_data/E/E_47.jpg,E
data/train_data/E/E_48.jpg,E
data/train_data/E/E_49.jpg,E
data/train_data/F/F_0.jpg,F
data/train_data/F/F_1.jpg,F
data/train_data/F/F_2.jpg,F
data/train_data/F/F_3.jpg,F
data/train_data/F/F_4.jpg,F
data/train_data/F/F_5.jpg,F
data/train_data/F/F_6.jpg,F
data/train_data/F/F_7.jpg,F
data/train_data/F/F_8.jpg,F
data/train_data/F/F_9.jpg,F
data/train_data/F/F_10.jpg,F
data/train_data/F/F_11.jpg,F
data/train_data/F/F_12.jpg,F
data/train_data/F/F_13.jpg,F
data/train_data/F/F_14.jpg,F
data/train_data/F/F_15.jpg,F
data/train_data/F/F_16.jpg,F
data/train_data/F/F_17.jpg,F
data/train_data/F/F_18.jpg,F
data/train_data/F/F_19.jpg,F
data/train_data/F/F_20.jpg,F
data/train_data/F/F_21.jpg,F
data/train_data/F/F_22.jpg,F
data/train_data/F/F_23.jpg,F
data/train_data/F/F_24.jpg,F
data/train_data/F/F_25.jpg,F
data/train_data/F/F_26.jpg,F
data/train_data/F/F_27.jpg,F
data/train_data/F/F_28.jpg,F
data/train_data/F/F_29.jpg,F
data/train_data/F/F_30.jpg,F
data/train_data/F/F_31.jpg,F
data/train_data/F/F_32.jpg,F
data/train_data/F/F_33.jpg,F
data/train_data/F/F_34.jpg,F
data/train_data/F/F_35.jpg,F
data/train_data/F/F_36.jpg,F
data/train_data/F/F_37.jpg,F
data/train_data/F/F_38.jpg,F
data/train_data/F/F_39.jpg,F
data/train_data/F/F_40.jpg,F
data/train_data/F/F_41.jpg,F
data/train_data/F/F_42.jpg,F
data/train_data/F/F_43.jpg,F
data/train_data/F/F_44.jpg,F
data/train_data/F/F_45.jpg,F
data/train_data/F/F_46.jpg,F
data/train_data/F/F_47.jpg,F
data/train_data/F/F_48.jpg,F
data/train_data/F/F_49.jpg,F
data/train_data/G/G_0.jpg,G
data/train_data/G/G_1.jpg,G
data/train_data/G/G_2.jpg,G
data/train_data/G/G_3.jpg,G
data/train_data/G/G_4.jpg,G
data/train_data/G/G_5.jpg,G
data/train_data/G/G_6.jpg,G
data/train_data/G/G_7.jpg,G
data/train_data/G/G_8.jpg,G
data/train_data/G/G_9.jpg,G
data/train_data/G/G_10.jpg,G
data/train_data/G/G_11.jpg,G
data/train_data/G/G_12.jpg,G
data/train_data/G/G_13.jpg,G
data/train_data/G/G_14.jpg,G
data/train_data/G/G_15.jpg,G
data/train_data/G/G_16.jpg,G
data/train_data/G/G_17.jpg,G
data/train_data/G/G_18.jpg,G
data/train_data/G/G_19.jpg,G
data/train_data/G/G_20.jpg,G
data/train_data/G/G_21.jpg,G
data/train_data/G/G_22.jpg,G
data/train_data/G/G_23.jpg,G
data/train_data/G/G_24.jpg,G
data/train_data/G/G_25.jpg,G
data/train_data/G/G_26.jpg,G
data/train_data/G/G_27.jpg,G
data/train_data/G/G_28.jpg,G
data/train_data/G/G_29.jpg,G
data/train_data/G/G_30.jpg,G
data/train_data/G/G_31.jpg,G
data/train_data/G/G_32.jpg,G
data/train_data/G/G_33.jpg,G
data/train_data/G/G_34.jpg,G
data/train_data/G/G_35.jpg,G
data/train_data/G/G_36.jpg,G
data/train_data/G/G_37.jpg,G
data/train_data/G/G_38.jpg,G
data/train_data/G/G_39.jpg,G
data/train_data/G/G_40.jpg,G
data/train_data/G/G_41.jpg,G
data/train_data/G/G_42.jpg,G
data/train_data/G/G_43.jpg,G
data/train_data/G/G_44.jpg,G
data/train_data/G/G_45.jpg,G
data/train_data/G/G_46.jpg,G
data/train_data/G/G_47.jpg,G
data/train_data/G/G_48.jpg,G
data/train_data/G/G_49.jpg,G
data/train_data/H/H_0.jpg,H
data/train_data/H/H_1.jpg,H
data/train_data/H/H_2.jpg,H
data/train_data/H/H_3.jpg,H
data/train_data/H/H_4.jpg,H
data/train_data/H/H_5.jpg,H
data/train_data/H/H_6.jpg,H
data/train_data/H/H_7.jpg,H
data/train_data/H/H_8.jpg,H
data/train_data/H/H_9.jpg,H
data/train_data/H/H_10.jpg,H
data/train_data/H/H_11.jpg,H
data/train_data/H/H_12.jpg,H
data/train_data/H/H_13.jpg,H
data/train_data/H/H_14.jpg,H
data/train_data/H/H_15.jpg,H
data/train_data/H/H_16.jpg,H
data/train_data/H/H_17.jpg,H
data/train_data/H/H_18.jpg,H
data/train_data/H/H_19.jpg,H
data/train_data/H/H_20.jpg,H
data/train_data/H/H_21.jpg,H
data/train_data/H/H_22.jpg,H
data/train_data/H/H_23.jpg,H
data/train_data/H/H_24.jpg,H
data/train_data/H/H_25.jpg,H
data/train_data/H/H_26.jpg,H
data/train_data/H/H_27.jpg,H
data/train_data/H/H_28.jpg,H
data/train_data/H/H_29.jpg,H
data/train_data/H/H_30.jpg,H
data/train_data/H/H_31.jpg,H
data/train_data/H/H_32.jpg,H
data/train_data/H/H_33.jpg,H
data/train_data/H/H_34.jpg,H
data/train_data/H/H_35.jpg,H
data/train_data/H/H_36.jpg,H
data/train_data/H/H_37.jpg,H
data/train_data/H/H_38.jpg,H
data/train_data/H/H_39.jpg,H
data/train_data/H/H_40.jpg,H
data/train_data/H/H_41.jpg,H
data/train_data/H/H_42.jpg,H
data/train_data/H/H_43.jpg,H
data/train_data/H/H_44.jpg,H
data/train_data/H/H_45.jpg,H
data/train_data/H/H_46.jpg,H
data/train_data/H/H_47.jpg,H
data/train_data/H/H_48.jpg,H
data/train_data/H/H_49.jpg,H
data/train_data/I/I_0.jpg,I
data/train_data/I/I_1.jpg,I
data/train_data/I/I_2.jpg,I
data/train_data/I/I_3.jpg,I
data/train_data/I/I_4.jpg,I
data/train_data/I/I_5.jpg,I
data/train_data/I/I_6.jpg,I
data/train_data/I/I_7.jpg,I
data/train_data/I/I_8.jpg,I
data/train_data/I/I_9.jpg,I
data/train_data/I/I_10.jpg,I
data/train_data/I/I_11.jpg,I
data/train_data/I/I_12.jpg,I
data/train_data/I/I_13.jpg,I
data/train_data/I/I_14.jpg,I
data/train_data/I/I_15.jpg,I
data/train_data/I/I_16.jpg,I
data/train_data/I/I_17.jpg,I
data/train_data/I/I_18.jpg,I
data/train_data/I/I_19.jpg,I
data/train_data/I/I_20.jpg,I
data/train_data/I/I_21.jpg,I
data/train_data/I/I_22.jpg,I
data/train_data/I/I_23.jpg,I
data/train_data/I/I_24.jpg,I
data/train_data/I/I_25.jpg,I
data/train_data/I/I_26.jpg,I
data/train_data/I/I_27.jpg,I
data/train_data/I/I_28.jpg,I
data/train_data/I/I_29.jpg,I
data/train_data/I/I_30.jpg,I
data/train_data/I/I_31.jpg,I
data/train_data/I/I_32.jpg,I
data/train_data/I/I_33.jpg,I
data/train_data/I/I_34.jpg,I
data/train_data/I/I_35.jpg,I
data/train_data/I/I_36.jpg,I
data/train_data/I/I_37.jpg,I
data/train_data/I/I_38.jpg,I
data/train_data/I/I_39.jpg,I
data/train_data/I/I_40.jpg,I
data/train_data/I/I_41.jpg,I
data/train_data/I/I_42.jpg,I
data/train_data/I/I_43.jpg,I
data/train_data/I/I_44.jpg,I
data/train_data/I/I_45.jpg,I
data/train_data/I/I_46.jpg,I
data/train_data/I/I_47.jpg,I
data/train_data/I/I_48.jpg,I
data/train_data/I/I_49.jpg,I
data/train_data/J/J_0.jpg,J
data/train_data/J/J_1.jpg,J
data/train_data/J/J_2.jpg,J
data/train_data/J/J_3.jpg,J
data/train_data/J/J_4.jpg,J
data/train_data/J/J_5.jpg,J
data/train_data/J/J_6.jpg,J
data/train_data/J/J_7.jpg,J
data/train_data/J/J_8.jpg,J
data/train_data/J/J_9.jpg,J
data/train_data/J/J_10.jpg,J
data/train_data/J/J_11.jpg,J
data/train_data/J/J_12.jpg,J
data/train_data/J/J_13.jpg,J
data/train_data/J/J_14.jpg,J
data/train_data/J/J_15.jpg,J
data/train_data/J/J_16.jpg,J
data/train_data/J/J_17.jpg,J
data/train_data/J/J_18.jpg,J
data/train_data/J/J_19.jpg,J
data/train_data/J/J_20.jpg,J
data/train_data/J/J_21.jpg,J
data/train_data/J/J_22.jpg,J
data/train_data/J/J_23.jpg,J
data/train_data/J/J_24.jpg,J
data/train_data/J/J_25.jpg,J
data/train_data/J/J_26.jpg,J
data/train_data/J/J_27.jpg,J
data/train_data/J/J_28.jpg,J
data/train_data/J/J_29.jpg,J
data/train_data/J/J_30.jpg,J
data/train_data/J/J_31.jpg,J
data/train_data/J/J_32.jpg,J
data/train_data/J/J_33.jpg,J
data/train_data/J/J_34.jpg,J
data/train_data/J/J_35.jpg,J
data/train_data/J/J_36.jpg,J
data/train_data/J/J_37.jpg,J
data/train_data/J/J_38.jpg,J
data/train_data/J/J_39.jpg,J
data/train_data/J/J_40.jpg,J
data/train_data/J/J_41.jpg,J
data/train_data/J/J_42.jpg,J
data/train_data/J/J_43.jpg,J
data/train_data/J/J_44.jpg,J
data/train_data/J/J_45.jpg,J
data/train_data/J/J_46.jpg,J
data/train_data/J/J_47.jpg,J
data/train_data/J/J_48.jpg,J
data/train_data/J/J_49.jpg,J
data/train_data/K/K_0.jpg,K
data/train_data/K/K_1.jpg,K
data/train_data/K/K_2.jpg,K
data/train_data/K/K_3.jpg,K
data/train_data/K/K_4.jpg,K
data/train_data/K/K_5.jpg,K
data/train_data/K/K_6.jpg,K
data/train_data/K/K_7.jpg,K
data/train_data/K/K_8.jpg,K
data/train_data/K/K_9.jpg,K
data/train_data/K/K_10.jpg,K
data/train_data/K/K_11.jpg,K
data/train_data/K/K_12.jpg,K
data/train_data/K/K_13.jpg,K
data/train_data/K/K_14.jpg,K
data/train_data/K/K_15.jpg,K
data/train_data/K/K_16.jpg,K
data/train_data/K/K_17.jpg,K
data/train_data/K/K_18.jpg,K
data/train_data/K/K_19.jpg,K
data/train_data/K/K_20.jpg,K
data/train_data/K/K_21.jpg,K
data/train_data/K/K_22.jpg,K
data/train_data/K/K_23.jpg,K
data/train_data/K/K_24.jpg,K
data/train_data/K/K_25.jpg,K
data/train_data/K/K_26.jpg,K
data/train_data/K/K_27.jpg,K
data/train_data/K/K_28.jpg,K
data/train_data/K/K_29.jpg,K
data/train_data/K/K_30.jpg,K
data/train_data/K/K_31.jpg,K
data/train_data/K/K_32.jpg,K
data/train_data/K/K_33.jpg,K
data/train_data/K/K_34.jpg,K
data/train_data/K/K_35.jpg,K
data/train_data/K/K_36.jpg,K
data/train_data/K/K_37.jpg,K
data/train_data/K/K_38.jpg,K
data/train_data/K/K_39.jpg,K
data/train_data/K/K_40.jpg,K
data/train_data/K/K_41.jpg,K
data/train_data/K/K_42.jpg,K
data/train_data/K/K_43.jpg,K
data/train_data/K/K_44.jpg,K
data/train_data/K/K_45.jpg,K
data/train_data/K/K_46.jpg,K
data/train_data/K/K_47.jpg,K
data/train_data/K/K_48.jpg,K
data/train_data/K/K_49.jpg,K
data/train_data/L/L_0.jpg,L
data/train_data/L/L_1.jpg,L
data/train_data/L/L_2.jpg,L
data/train_data/L/L_3.jpg,L
data/train_data/L/L_4.jpg,L
data/train_data/L/L_5.jpg,L
data/train_data/L/L_6.jpg,L
data/train_data/L/L_7.jpg,L
data/train_data/L/L_8.jpg,L
data/train_data/L/L_9.jpg,L
data/train_data/L/L_10.jpg,L
data/train_data/L/L_11.jpg,L
data/train_data/L/L_12.jpg,L
data/train_data/L/L_13.jpg,L
data/train_data/L/L_14.jpg,L
data/train_data/L/L_15.jpg,L
data/train_data/L/L_16.jpg,L
data/train_data/L/L_17.jpg,L
data/train_data/L/L_18.jpg,L
data/train_data/L/L_19.jpg,L
data/train_data/L/L_20.jpg,L
data/train_data/L/L_21.jpg,L
data/train_data/L/L_22.jpg,L
data/train_data/L/L_23.jpg,L
data/train_data/L/L_24.jpg,L
data/train_data/L/L_25.jpg,L
data/train_data/L/L_26.jpg,L
data/train_data/L/L_27.jpg,L
data/train_data/L/L_28.jpg,L
data/train_data/L/L_29.jpg,L
data/train_data/L/L_30.jpg,L
data/train_data/L/L_31.jpg,L
data/train_data/L/L_32.jpg,L
data/train_data/L/L_33.jpg,L
data/train_data/L/L_34.jpg,L
data/train_data/L/L_35.jpg,L
data/train_data/L/L_36.jpg,L
data/train_data/L/L_37.jpg,L
data/train_data/L/L_38.jpg,L
data/train_data/L/L_39.jpg,L
data/train_data/L/L_40.jpg,L
data/train_data/L/L_41.jpg,L
data/train_data/L/L_42.jpg,L
data/train_data/L/L_43.jpg,L
data/train_data/L/L_44.jpg,L
data/train_data/L/L_45.jpg,L
data/train_data/L/L_46.jpg,L
data/train_data/L/L_47.jpg,L
data/train_data/L/L_48.jpg,L
data/train_data/L/L_49.jpg,L
data/train_data/M/M_0.jpg,M
data/train_data/M/M_1.jpg,M
data/train_data/M/M_2.jpg,M
data/train_data/M/M_3.jpg,M
data/train_data/M/M_4.jpg,M
data/train_data/M/M_5.jpg,M
data/train_data/M/M_6.jpg,M
data/train_data/M/M_7.jpg,M
data/train_data/M/M_8.jpg,M
data/train_data/M/M_9.jpg,M
data/train_data/M/M_10.jpg,M
data/train_data/M/M_11.jpg,M
data/train_data/M/M_12.jpg,M
data/train_data/M/M_13.jpg,M
data/train_data/M/M_14.jpg,M
data/train_data/M/M_15.jpg,M
data/train_data/M/M_16.jpg,M
data/train_data/M/M_17.jpg,M
data/train_data/M/M_18.jpg,M
data/train_data/M/M_19.jpg,M
data/train_data/M/M_20.jpg,M
data/train_data/M/M_21.jpg,M
data/train_data/M/M_22.jpg,M
data/train_data/M/M_23.jpg,M
data/train_data/M/M_24.jpg,M
data/train_data/M/M_25.jpg,M
data/train_data/M/M_26.jpg,M
data/train_data/M/M_27.jpg,M
data/train_data/M/M_28.jpg,M
data/train_data/M/M_29.jpg,M
data/train_data/M/M_30.jpg,M
data/train_data/M/M_31.jpg,M
data/train_data/M/M_32.jpg,M
data/train_data/M/M_33.jpg,M
data/train_data/M/M_34.jpg,M
data/train_data/M/M_35.jpg,M
data/train_data/M/M_36.jpg,M
data/train_data/M/M_37.jpg,M
data/train_data/M/M_38.jpg,M
data/train_data/M/M_39.jpg,M
data/train_data/M/M_40.jpg,M
data/train_data/M/M_41.jpg,M
data/train_data/M/M_42.jpg,M
data/train_data/M/M_43.jpg,M
data/train_data/M/M_44.jpg,M
data/train_data/M/M_45.jpg,M
data/train_data/M/M_46.jpg,M
data/train_data/M/M_47.jpg,M
data/train_data/M/M_48.jpg,M
data/train_data/M/M_49.jpg,M
data/train_data/N/N_0.jpg,N
data/train_data/N/N_1.jpg,N
data/train_data/N/N_2.jpg,N
data/train_data/N/N_3.jpg,N
data/train_data/N/N_4.jpg,N
data/train_data/N/N_5.jpg,N
data/train_data/N/N_6.jpg,N
data/train_data/N/N_7.jpg,N
data/train_data/N/N_8.jpg,N
data/train_data/N/N_9.jpg,N
data/train_data/N/N_10.jpg,N
data/train_data/N/N_11.jpg,N
data/train_data/N/N_12.jpg,N
data/train_data/N/N_13.jpg,N
data/train_data/N/N_14.jpg,N
data/train_data/N/N_15.jpg,N
data/train_data/N/N_16.jpg,N
data/train_data/N/N_17.jpg,N
data/train_data/N/N_18.jpg,N
data/train_data/N/N_19.jpg,N
data/train_data/N/N_20.jpg,N
data/train_data/N/N_21.jpg,N
data/train_data/N/N_22.jpg,N
data/train_data/N/N_23.jpg,N
data/train_data/N/N_24.jpg,N
data/train_data/N/N_25.jpg,N
data/train_data/N/N_26.jpg,N
data/train_data/N/N_27.jpg,N
data/train_data/N/N_28.jpg,N
data/train_data/N/N_29.jpg,N
data/train_data/N/N_30.jpg,N
data/train_data/N/N_31.jpg,N
data/train_data/N/N_32.jpg,N
data/train_data/N/N_33.jpg,N
data/train_data/N/N_34.jpg,N
data/train_data/N/N_35.jpg,N
data/train_data/N/N_36.jpg,N
data/train_data/N/N_37.jpg,N
data/train_data/N/N_38.jpg,N
data/train_data/N/N_39.jpg,N
data/train_data/N/N_40.jpg,N
data/train_data/N/N_41.jpg,N
data/train_data/N/N_42.jpg,N
data/train_data/N/N_43.jpg,N
data/train_data/N/N_44.jpg,N
data/train_data/N/N_45.jpg,N
data/train_data/N/N_46.jpg,N
data/train_data/N/N_47.jpg,N
data/train_data/N/N_48.jpg,N
data/train_data/N/N_49.jpg,N
data/train_data/O/O_0.jpg,O
data/train_data/O/O_1.jpg,O
data/train_data/O/O_2.jpg,O
data/train_data/O/O_3.jpg,O
data/train_data/O/O_4.jpg,O
data/train_data/O/O_5.jpg,O
data/train_data/O/O_6.jpg,O
data/train_data/O/O_7.jpg,O
data/train_data/O/O_8.jpg,O
data/train_data/O/O_9.jpg,O
data/train_data/O/O_10.jpg,O
data/train_data/O/O_11.jpg,O
data/train_data/O/O_12.jpg,O
data/train_data/O/O_13.jpg,O
data/train_data/O/O_14.jpg,O
data/train_data/O/O_15.jpg,O
data/train_data/O/O_16.jpg,O
data/train_data/O/O_17.jpg,O
data/train_data/O/O_18.jpg,O
data/train_data/O/O_19.jpg,O
data/train_data/O/O_20.jpg,O
data/train_data/O/O_21.jpg,O
data/train_data/O/O_22.jpg,O
data/train_data/O/O_23.jpg,O
data/train_data/O/O_24.jpg,O
data/train_data/O/O_25.jpg,O
data/train_data/O/O_26.jpg,O
data/train_data/O/O_27.jpg,O
data/train_data/O/O_28.jpg,O
data/train_data/O/O_29.jpg,O
data/train_data/O/O_30.jpg,O
data/train_data/O/O_31.jpg,O
data/train_data/O/O_32.jpg,O
data/train_data/O/O_33.jpg,O
data/train_data/O/O_34.jpg,O
data/train_data/O/O_35.jpg,O
data/train_data/O/O_36.jpg,O
data/train_data/O/O_37.jpg,O
data/train_data/O/O_38.jpg,O
data/train_data/O/O_39.jpg,O
data/train_data/O/O_40.jpg,O
data/train_data/O/O_41.jpg,O
data/train_data/O/O_42.jpg,O
data/train_data/O/O_43.jpg,O
data/train_data/O/O_44.jpg,O
data/train_data/O/O_45.jpg,O
data/train_data/O/O_46.jpg,O
data/train_data/O/O_47.jpg,O
data/train_data/O/O_48.jpg,O
data/train_data/O/O_49.jpg,O
data/train_data/P/P_0.jpg,P
data/train_data/P/P_1.jpg,P
data/train_data/P/P_2.jpg,P
data/train_data/P/P_3.jpg,P
data/train_data/P/P_4.jpg,P
data/train_data/P/P_5.jpg,P
data/train_data/P/P_6.jpg,P
data/train_data/P/P_7.jpg,P
data/train_data/P/P_8.jpg,P
data/train_data/P/P_9.jpg,P
data/train_data/P/P_10.jpg,P
data/train_data/P/P_11.jpg,P
data/train_data/P/P_12.jpg,P
data/train_data/P/P_13.jpg,P
data/train_data/P/P_14.jpg,P
data/train_data/P/P_15.jpg,P
data/train_data/P/P_16.jpg,P
data/train_data/P/P_17.jpg,P
data/train_data/P/P_18.jpg,P
data/train_data/P/P_19.jpg,P
data/train_data/P/P_20.jpg,P
data/train_data/P/P_21.jpg,P
data/train_data/P/P_22.jpg,P
data/train_data/P/P_23.jpg,P
data/train_data/P/P_24.jpg,P
data/train_data/P/P_25.jpg,P
data/train_data/P/P_26.jpg,P
data/train_data/P/P_27.jpg,P
data/train_data/P/P_28.jpg,P
data/train_data/P/P_29.jpg,P
data/train_data/P/P_30.jpg,P
data/train_data/P/P_31.jpg,P
data/train_data/P/P_32.jpg,P
data/train_data/P/P_33.jpg,P
data/train_data/P/P_34.jpg,P
data/train_data/P/P_35.jpg,P
data/train_data/P/P_36.jpg,P
data/train_data/P/P_37.jpg,P
data/train_data/P/P_38.jpg,P
data/train_data/P/P_39.jpg,P
data/train_data/P/P_40.jpg,P
data/train_data/P/P_41.jpg,P
data/train_data/P/P_42.jpg,P
data/train_data/P/P_43.jpg,P
data/train_data/P/P_44.jpg,P
data/train_data/P/P_45.jpg,P
data/train_data/P/P_46.jpg,P
data/train_data/P/P_47.jpg,P
data/train_data/P/P_48.jpg,P
data/train_data/P/P_49.jpg,P
data/train_data/Q/Q_0.jpg,Q
data/train_data/Q/Q_1.jpg,Q
data/train_data/Q/Q_2.jpg,Q
data/train_data/Q/Q_3.jpg,Q
data/train_data/Q/Q_4.jpg,Q
data/train_data/Q/Q_5.jpg,Q
data/train_data/Q/Q_6.jpg,Q
data/train_data/Q/Q_7.jpg,Q
data/train_data/Q/Q_8.jpg,Q
data/train_data/Q/Q_9.jpg,Q
data/train_data/Q/Q_10.jpg,Q
data/train_data/Q/Q_11.jpg,Q
data/train_data/Q/Q_12.jpg,Q
data/train_data/Q/Q_13.jpg,Q
data/train_data/Q/Q_14.jpg,Q
data/train_data/Q/Q_15.jpg,Q
data/train_data/Q/Q_16.jpg,Q
data/train_data/Q/Q_17.jpg,Q
data/train_data/Q/Q_18.jpg,Q
data/train_data/Q/Q_19.jpg,Q
data/train_data/Q/Q_20.jpg,Q
data/train_data/Q/Q_21.jpg,Q
data/train_data/Q/Q_22.jpg,Q
data/train_data/Q/Q_23.jpg,Q
data/train_data/Q/Q_24.jpg,Q
data/train_data/Q/Q_25.jpg,Q
data/train_data/Q/Q_26.jpg,Q
data/train_data/Q/Q_27.jpg,Q
data/train_data/Q/Q_28.jpg,Q
data/train_data/Q/Q_29.jpg,Q
data/train_data/Q/Q_30.jpg,Q
data/train_data/Q/Q_31.jpg,Q
data/train_data/Q/Q_32.jpg,Q
data/train_data/Q/Q_33.jpg,Q
data/train_data/Q/Q_34.jpg,Q
data/train_data/Q/Q_35.jpg,Q
data/train_data/Q/Q_36.jpg,Q
data/train_data/Q/Q_37.jpg,Q
data/train_data/Q/Q_38.jpg,Q
data/train_data/Q/Q_39.jpg,Q
data/train_data/Q/Q_40.jpg,Q
data/train_data/Q/Q_41.jpg,Q
data/train_data/Q/Q_42.jpg,Q
data/train_data/Q/Q_43.jpg,Q
data/train_data/Q/Q_44.jpg,Q
data/train_data/Q/Q_45.jpg,Q
data/train_data/Q/Q_46.jpg,Q
data/train_data/Q/Q_47.jpg,Q
data/train_data/Q/Q_48.jpg,Q
data/train_data/Q/Q_49.jpg,Q
data/train_data/R/R_0.jpg,R
data/train_data/R/R_1.jpg,R
data/train_data/R/R_2.jpg,R
data/train_data/R/R_3.jpg,R
data/train_data/R/R_4.jpg,R
data/train_data/R/R_5.jpg,R
data/train_data/R/R_6.jpg,R
data/train_data/R/R_7.jpg,R
data/train_data/R/R_8.jpg,R
data/train_data/R/R_9.jpg,R
data/train_data/R/R_10.jpg,R
data/train_data/R/R_11.jpg,R
data/train_data/R/R_12.jpg,R
data/train_data/R/R_13.jpg,R
data/train_data/R/R_14.jpg,R
data/train_data/R/R_15.jpg,R
data/train_data/R/R_16.jpg,R
data/train_data/R/R_17.jpg,R
data/train_data/R/R_18.jpg,R
data/train_data/R/R_19.jpg,R
data/train_data/R/R_20.jpg,R
data/train_data/R/R_21.jpg,R
data/train_data/R/R_22.jpg,R
data/train_data/R/R_23.jpg,R
data/train_data/R/R_24.jpg,R
data/train_data/R/R_25.jpg,R
data/train_data/R/R_26.jpg,R
data/train_data/R/R_27.jpg,R
data/train_data/R/R_28.jpg,R
data/train_data/R/R_29.jpg,R
data/train_data/R/R_30.jpg,R
data/train_data/R/R_31.jpg,R
data/train_data/R/R_32.jpg,R
data/train_data/R/R_33.jpg,R
data/train_data/R/R_34.jpg,R
data/train_data/R/R_35.jpg,R
data/train_data/R/R_36.jpg,R
data/train_data/R/R_37.jpg,R
data/train_data/R/R_38.jpg,R
data/train_data/R/R_39.jpg,R
data/train_data/R/R_40.jpg,R
data/train_data/R/R_41.jpg,R
data/train_data/R/R_42.jpg,R
data/train_data/R/R_43.jpg,R
data/train_data/R/R_44.jpg,R
data/train_data/R/R_45.jpg,R
data/train_data/R/R_46.jpg,R
data/train_data/R/R_47.jpg,R
data/train_data/R/R_48.jpg,R
data/train_data/R/R_49.jpg,R
data/train_data/S/S_0.jpg,S
data/train_data/S/S_1.jpg,S
data/train_data/S/S_2.jpg,S
data/train_data/S/S_3.jpg,S
data/train_data/S/S_4.jpg,S
data/train_data/S/S_5.jpg,S
data/train_data/S/S_6.jpg,S
data/train_data/S/S_7.jpg,S
data/train_data/S/S_8.jpg,S
data/train_data/S/S_9.jpg,S
data/train_data/S/S_10.jpg,S
data/train_data/S/S_11.jpg,S
data/train_data/S/S_12.jpg,S
data/train_data/S/S_13.jpg,S
data/train_data/S/S_14.jpg,S
data/train_data/S/S_15.jpg,S
data/train_data/S/S_16.jpg,S
data/train_data/S/S_17.jpg,S
data/train_data/S/S_18.jpg,S
data/train_data/S/S_19.jpg,S
data/train_data/S/S_20.jpg,S
data/train_data/S/S_21.jpg,S
data/train_data/S/S_22.jpg,S
data/train_data/S/S_23.jpg,S
data/train_data/S/S_24.jpg,S
data/train_data/S/S_25.jpg,S
data/train_data/S/S_26.jpg,S
data/train_data/S/S_27.jpg,S
data/train_data/S/S_28.jpg,S
data/train_data/S/S_29.jpg,S
data/train_data/S/S_30.jpg,S
data/train_data/S/S_31.jpg,S
data/train_data/S/S_32.jpg,S
data/train_data/S/S_33.jpg,S
data/train_data/S/S_34.jpg,S
data/train_data/S/S_35.jpg,S
data/train_data/S/S_36.jpg,S
data/train_data/S/S_37.jpg,S
data/train_data/S/S_38.jpg,S
data/train_data/S/S_39.jpg,S
data/train_data/S/S_40.jpg,S
data/train_data/S/S_41.jpg,S
data/train_data/S/S_42.jpg,S
data/train_data/S/S_43.jpg,S
data/train_data/S/S_44.jpg,S
data/train_data/S/S_45.jpg,S
data/train_data/S/S_46.jpg,S
data/train_data/S/S_47.jpg,S
data/train_data/S/S_48.jpg,S
data/train_data/S/S_49.jpg,S
data/train_data/T/T_0.jpg,T
data/train_data/T/T_1.jpg,T
data/train_data/T/T_2.jpg,T
data/train_data/T/T_3.jpg,T
data/train_data/T/T_4.jpg,T
data/train_data/T/T_5.jpg,T
data/train_data/T/T_6.jpg,T
data/train_data/T/T_7.jpg,T
data/train_data/T/T_8.jpg,T
data/train_data/T/T_9.jpg,T
data/train_data/T/T_10.jpg,T
data/train_data/T/T_11.jpg,T
data/train_data/T/T_12.jpg,T
data/train_data/T/T_13.jpg,T
data/train_data/T/T_14.jpg,T
data/train_data/T/T_15.jpg,T
data/train_data/T/T_16.jpg,T
data/train_data/T/T_17.jpg,T
data/train_data/T/T_18.jpg,T
data/train_data/T/T_19.jpg,T
data/train_data/T/T_20.jpg,T
data/train_data/T/T_21.jpg,T
data/train_data/T/T_22.jpg,T
data/train_data/T/T_23.jpg,T
data/train_data/T/T_24.jpg,T
data/train_data/T/T_25.jpg,T
data/train_data/T/T_26.jpg,T
data/train_data/T/T_27.jpg,T
data/train_data/T/T_28.jpg,T
data/train_data/T/T_29.jpg,T
data/train_data/T/T_30.jpg,T
data/train_data/T/T_31.jpg,T
data/train_data/T/T_32.jpg,T
data/train_data/T/T_33.jpg,T
data/train_data/T/T_34.jpg,T
data/train_data/T/T_35.jpg,T
data/train_data/T/T_36.jpg,T
data/train_data/T/T_37.jpg,T
data/train_data/T/T_38.jpg,T
data/train_data/T/T_39.jpg,T
data/train_data/T/T_40.jpg,T
data/train_data/T/T_41.jpg,T
data/train_data/T/T_42.jpg,T
data/train_data/T/T_43.jpg,T
data/train_data/T/T_44.jpg,T
data/train_data/T/T_45.jpg,T
data/train_data/T/T_46.jpg,T
data/train_data/T/T_47.jpg,T
data/train_data/T/T_48.jpg,T
data/train_data/T/T_49.jpg,T
data/train_data/U/U_0.jpg,U
data/train_data/U/U_1.jpg,U
data/train_data/U/U_2.jpg,U
data/train_data/U/U_3.jpg,U
data/train_data/U/U_4.jpg,U
data/train_data/U/U_5.jpg,U
data/train_data/U/U_6.jpg,U
data/train_data/U/U_7.jpg,U
data/train_data/U/U_8.jpg,U
data/train_data/U/U_9.jpg,U
data/train_data/U/U_10.jpg,U
data/train_data/U/U_11.jpg,U
data/train_data/U/U_12.jpg,U
data/train_data/U/U_13.jpg,U
data/train_data/U/U_14.jpg,U
data/train_data/U/U_15.jpg,U
data/train_data/U/U_16.jpg,U
data/train_data/U/U_17.jpg,U
data/train_data/U/U_18.jpg,U
data/train_data/U/U_19.jpg,U
data/train_data/U/U_20.jpg,U
data/train_data/U/U_21.jpg,U
data/train_data/U/U_22.jpg,U
data/train_data/U/U_23.jpg,U
data/train_data/U/U_24.jpg,U
data/train_data/U/U_25.jpg,U
data/train_data/U/U_26.jpg,U
data/train_data/U/U_27.jpg,U
data/train_data/U/U_28.jpg,U
data/train_data/U/U_29.jpg,U
data/train_data/U/U_30.jpg,U
data/train_data/U/U_31.jpg,U
data/train_data/U/U_32.jpg,U
data/train_data/U/U_33.jpg,U
data/train_data/U/U_34.jpg,U
data/train_data/U/U_35.jpg,U
data/train_data/U/U_36.jpg,U
data/train_data/U/U_37.jpg,U
data/train_data/U/U_38.jpg,U
data/train_data/U/U_39.jpg,U
data/train_data/U/U_40.jpg,U
data/train_data/U/U_41.jpg,U
data/train_data/U/U_42.jpg,U
data/train_data/U/U_43.jpg,U
data/train_data/U/U_44.jpg,U
data/train_data/U/U_45.jpg,U
data/train_data/U/U_46.jpg,U
data/train_data/U/U_47.jpg,U
data/train_data/U/U_48.jpg,U
data/train_data/U/U_49.jpg,U
data/train_data/V/V_0.jpg,V
data/train_data/V/V_1.jpg,V
data/train_data/V/V_2.jpg,V
data/train_data/V/V_3.jpg,V
data/train_data/V/V_4.jpg,V
data/train_data/V/V_5.jpg,V
data/train_data/V/V_6.jpg,V
data/train_data/V/V_7.jpg,V
data/train_data/V/V_8.jpg,V
data/train_data/V/V_9.jpg,V
data/train_data/V/V_10.jpg,V
data/train_data/V/V_11.jpg,V
data/train_data/V/V_12.jpg,V
data/train_data/V/V_13.jpg,V
data/train_data/V/V_14.jpg,V
data/train_data/V/V_15.jpg,V
data/train_data/V/V_16.jpg,V
data/train_data/V/V_17.jpg,V
data/train_data/V/V_18.jpg,V
data/train_data/V/V_19.jpg,V
data/train_data/V/V_20.jpg,V
data/train_data/V/V_21.jpg,V
data/train_data/V/V_22.jpg,V
data/train_data/V/V_23.jpg,V
data/train_data/V/V_24.jpg,V
data/train_data/V/V_25.jpg,V
data/train_data/V/V_26.jpg,V
data/train_data/V/V_27.jpg,V
data/train_data/V/V_28.jpg,V
data/train_data/V/V_29.jpg,V
data/train_data/V/V_30.jpg,V
data/train_data/V/V_31.jpg,V
data/train_data/V/V_32.jpg,V
data/train_data/V/V_33.jpg,V
data/train_data/V/V_34.jpg,V
data/train_data/V/V_35.jpg,V
data/train_data/V/V_36.jpg,V
data/train_data/V/V_37.jpg,V
data/train_data/V/V_38.jpg,V
data/train_data/V/V_39.jpg,V
data/train_data/V/V_40.jpg,V
data/train_data/V/V_41.jpg,V
data/train_data/V/V_42.jpg,V
data/train_data/V/V_43.jpg,V
data/train_data/V/V_44.jpg,V
data/train_data/V/V_45.jpg,V
data/train_data/V/V_46.jpg,V
data/train_data/V/V_47.jpg,V
data/train_data/V/V_48.jpg,V
data/train_data/V/V_49.jpg,V
data/train_data/W/W_0.jpg,W
data/train_data/W/W_1.jpg,W
data/train_data/W/W_2.jpg,W
data/train_data/W/W_3.jpg,W
data/train_data/W/W_4.jpg,W
data/train_data/W/W_5.jpg,W
data/train_data/W/W_6.jpg,W
data/train_data/W/W_7.jpg,W
data/train_data/W/W_8.jpg,W
data/train_data/W/W_9.jpg,W
data/train_data/W/W_10.jpg,W
data/train_data/W/W_11.jpg,W
data/train_data/W/W_12.jpg,W
data/train_data/W/W_13.jpg,W
data/train_data/W/W_14.jpg,W
data/train_data/W/W_15.jpg,W
data/train_data/W/W_16.jpg,W
data/train_data/W/W_17.jpg,W
data/train_data/W/W_18.jpg,W
data/train_data/W/W_19.jpg,W
data/train_data/W/W_20.jpg,W
data/train_data/W/W_21.jpg,W
data/train_data/W/W_22.jpg,W
data/train_data/W/W_23.jpg,W
data/train_data/W/W_24.jpg,W
data/train_data/W/W_25.jpg,W
data/train_data/W/W_26.jpg,W
data/train_data/W/W_27.jpg,W
data/train_data/W/W_28.jpg,W
data/train_data/W/W_29.jpg,W
data/train_data/W/W_30.jpg,W
data/train_data/W/W_31.jpg,W
data/train_data/W/W_32.jpg,W
data/train_data/W/W_33.jpg,W
data/train_data/W/W_34.jpg,W
data/train_data/W/W_35.jpg,W
data/train_data/W/W_36.jpg,W
data/train_data/W/W_37.jpg,W
data/train_data/W/W_38.jpg,W
data/train_data/W/W_39.jpg,W
data/train_data/W/W_40.jpg,W
data/train_data/W/W_41.jpg,W
data/train_data/W/W_42.jpg,W
data/train_data/W/W_43.jpg,W
data/train_data/W/W_44.jpg,W
data/train_data/W/W_45.jpg,W
data/train_data/W/W_46.jpg,W
data/train_data/W/W_47.jpg,W
data/train_data/W/W_48.jpg,W
data/train_data/W/W_49.jpg,W
data/train_data/X/X_0.jpg,X
data/train_data/X/X_1.jpg,X
data/train_data/X/X_2.jpg,X
data/train_data/X/X_3.jpg,X
data/train_data/X/X_4.jpg,X
data/train_data/X/X_5.jpg,X
data/train_data/X/X_6.jpg,X
data/train_data/X/X_7.jpg,X
data/train_data/X/X_8.jpg,X
data/train_data/X/X_9.jpg,X
data/train_data/X/X_10.jpg,X
data/train_data/X/X_11.jpg,X
data/train_data/X/X_12.jpg,X
data/train_data/X/X_13.jpg,X
data/train_data/X/X_14.jpg,X
data/train_data/X/X_15.jpg,X
data/train_data/X/X_16.jpg,X
data/train_data/X/X_17.jpg,X
data/train_data/X/X_18.jpg,X
data/train_data/X/X_19.jpg,X
data/train_data/X/X_20.jpg,X
data/train_data/X/X_21.jpg,X
data/train_data/X/X_22.jpg,X
data/train_data/X/X_23.jpg,X
data/train_data/X/X_24.jpg,X
data/train_data/X/X_25.jpg,X
data/train_data/X/X_26.jpg,X
data/train_data/X/X_27.jpg,X
data/train_data/X/X_28.jpg,X
data/train_data/X/X_29.jpg,X
data/train_data/X/X_30.jpg,X
data/train_data/X/X_31.jpg,X
data/train_data/X/X_32.jpg,X
data/train_data/X/X_33.jpg,X
data/train_data/X/X_34.jpg,X
data/train_data/X/X_35.jpg,X
data/train_data/X/X_36.jpg,X
data/train_data/X/X_37.jpg,X
data/train_data/X/X_38.jpg,X
data/train_data/X/X_39.jpg,X
data/train_data/X/X_40.jpg,X
data/train_data/X/X_41.jpg,X
data/train_data/X/X_42.jpg,X
data/train_data/X/X_43.jpg,X
data/train_data/X/X_44.jpg,X
data/train_data/X/X_45.jpg,X
data/train_data/X/X_46.jpg,X
data/train_data/X/X_47.jpg,X
data/train_data/X/X_48.jpg,X
data/train_data/X/X_49.jpg,X
data/train_data/Y/Y_0.jpg,Y
data/train_data/Y/Y_1.jpg,Y
data/train_data/Y/Y_2.jpg,Y
data/train_data/Y/Y_3.jpg,Y
data/train_data/Y/Y_4.jpg,Y
data/train_data/Y/Y_5.jpg,Y
data/train_data/Y/Y_6.jpg,Y
data/train_data/Y/Y_7.jpg,Y
data/train_data/Y/Y_8.jpg,Y
data/train_data/Y/Y_9.jpg,Y
data/train_data/Y/Y_10.jpg,Y
data/train_data/Y/Y_11.jpg,Y
data/train_data/Y/Y_12.jpg,Y
data/train_data/Y/Y_13.jpg,Y
data/train_data/Y/Y_14.jpg,Y
data/train_data/Y/Y_15.jpg,Y
data/train_data/Y/Y_16.jpg,Y
data/train_data/Y/Y_17.jpg,Y
data/train_data/Y/Y_18.jpg,Y
data/train_data/Y/Y_19.jpg,Y
data/train_data/Y/Y_20.jpg,Y
data/train_data/Y/Y_21.jpg,Y
data/train_data/Y/Y_22.jpg,Y
data/train_data/Y/Y_23.jpg,Y
data/train_data/Y/Y_24.jpg,Y
data/train_data/Y/Y_25.jpg,Y
data/train_data/Y/Y_26.jpg,Y
data/train_data/Y/Y_27.jpg,Y
data/train_data/Y/Y_28.jpg,Y
data/train_data/Y/Y_29.jpg,Y
data/train_data/Y/Y_30.jpg,Y
data/train_data/Y/Y_31.jpg,Y
data/train_data/Y/Y_32.jpg,Y
data/train_data/Y/Y_33.jpg,Y
data/train_data/Y/Y_34.jpg,Y
data/train_data/Y/Y_35.jpg,Y
data/train_data/Y/Y_36.jpg,Y
data/train_data/Y/Y_37.jpg,Y
data/train_data/Y/Y_38.jpg,Y
data/train_data/Y/Y_39.jpg,Y
data/train_data/Y/Y_40.jpg,Y
data/train_data/Y/Y_41.jpg,Y
data/train_data/Y/Y_42.jpg,Y
data/train_data/Y/Y_43.jpg,Y
data/train_data/Y/Y_44.jpg,Y
data/train_data/Y/Y_45.jpg,Y
data/train_data/Y/Y_46.jpg,Y
data/train_data/Y/Y_47.jpg,Y
data/train_data/Y/Y_48.jpg,Y
data/train_data/Y/Y_49.jpg,Y
data/train_data/Z/Z_0.jpg,Z
data/train_data/Z/Z_1.jpg,Z
data/train_data/Z/Z_2.jpg,Z
data/train_data/Z/Z_3.jpg,Z
data/train_data/Z/Z_4.jpg,Z
data/train_data/Z/Z_5.jpg,Z
data/train_data/Z/Z_6.jpg,Z
data/train_data/Z/Z_7.jpg,Z
data/train_data/Z/Z_8.jpg,Z
data/train_data/Z/Z_9.jpg,Z
data/train_data/Z/Z_10.jpg,Z
data/train_data/Z/Z_11.jpg,Z
data/train_data/Z/Z_12.jpg,Z
data/train_data/Z/Z_13.jpg,Z
data/train_data/Z/Z_14.jpg,Z
data/train_data/Z/Z_15.jpg,Z
data/train_data/Z/Z_16.jpg,Z
data/train_data/Z/Z_17.jpg,Z
data/train_data/Z/Z_18.jpg,Z
data/train_data/Z/Z_19.jpg,Z
data/train_data/Z/Z_20.jpg,Z
data/train_data/Z/Z_21.jpg,Z
data/train_data/Z/Z_22.jpg,Z
data/train_data/Z/Z_23.jpg,Z
data/train_data/Z/Z_24.jpg,Z
data/train_data/Z/Z_25.jpg,Z
data/train_data/Z/Z_26.jpg,Z
data/train_data/Z/Z_27.jpg,Z
data/train_data/Z/Z_28.jpg,Z
data/train_data/Z/Z_29.jpg,Z
data/train_data/Z/Z_30.jpg,Z
data/train_data/Z/Z_31.jpg,Z
data/train_data/Z/Z_32.jpg,Z
data/train_data/Z/Z_33.jpg,Z
data/train_data/Z/Z_34.jpg,Z
data/train_data/Z/Z_35.jpg,Z
data/train_data/Z/Z_36.jpg,Z
data/train_data/Z/Z_37.jpg,Z
data/train_data/Z/Z_38.jpg,Z
data/train_data/Z/Z_39.jpg,Z
data/train_data/Z/Z_40.jpg,Z
data/train_data/Z/Z_41.jpg,Z
data/train_data/Z/Z_42.jpg,Z
data/train_data/Z/Z_43.jpg,Z
data/train_data/Z/Z_44.jpg,Z
data/train_data/Z/Z_45.jpg,Z
data/train_data/Z/Z_46.jpg,Z
data/train_data/Z/Z_47.jpg,Z
data/train_data/Z/Z_48.jpg,Z
data/train_data/Z/Z_49.jpg,Z
